INDEX,Restaurant,Region,Reviews,Reviewtext
0,Blunt Horseradish,NY,990,Then as if I hadnt wasted enough of my life there they poured salt in the wound by drawing out the time it took to bring the check
1,Sugared Chives,OK,421,The whole experience was underwhelming and I think well just go to Ninja Sushi next time
2,Blunt Cranberry,NH,308,Overall I was not impressed and would not go back
3,Frozen Endive,MN,588,Appetite instantly gone
4,Leathery Parsley,WA,836,I think food should have flavor and texture and both were lacking
5,Cold Palm,TX,254,I cant tell you how disappointed I was
6,Thick Cabbage,IL,1092,the presentation of the food was awful
7,Generous Baby,NH,489,A lady at the table next to us found a live green caterpillar In her salad
8,Juicy Nutmeg,OK,1389,Spend your money and time some place else
9,Briny Pork,MO,484,The refried beans that came with my meal were dried out and crusty and the food was bland
10,Fiery Saccharine,ND,105,I would avoid this place if you are staying in the Mirage
11,Smoky Wild,TX,913,It really is impressive that the place hasnt closed down
12,Famy Beer,NJ,969,It lacked flavor seemed undercooked and dry
13,Distinctive Cabbage,WV,1139,Shrimp When I unwrapped it I live only 12 a mile from Brushfire it was literally ice cold
14,Refresh Radish,KS,767,The problem I have is that they charge 1199 for a sandwich that is no bigger than a Subway sub which offers better and more amount of vegetables
15,Garlic Pork,NC,6,All in all Ha Long Bay was a bit of a flop
16,Natural Green,VT,1371,It sure does beat the nachos at the movies but I would expect a little bit more coming from a restaurant
17,Salty Chayote,VT,626,Food was below average
18,Bland Mint,MS,1370,We started with the tuna sashimi which was brownish in color and obviously wasnt fresh
19,Furry Corn,OR,1045,I have been to very few places to eat that under no circumstances would I ever return to and this tops the list
20,Calorie Broad,ME,388,I kept looking at the time and it had soon become 35 minutes yet still no food
21,Low Pumpkin,DE,510,I vomited in the bathroom mid lunch
22,Pungent Coconut,OK,453,Overpriced for what you are getting
23,Dressed Spaghetti,SC,553,too bad cause I know its family owned I really wanted to like this place
24,Yucky Apricot,AL,1073,What happened next was prettyoff putting
25,Pulpy Wasabi,VT,795,Your servers suck wait correction our server Heimer sucked
26,Plump Colby,ME,340,The food wasnt good
27,Flavored Amaranth,AZ,1051,Unfortunately it only set us up for disapppointment with our entrees
28,Robust Pistachio,RI,120,The ambiance isnt much better
29,Tasteless Baby,DE,1312,I immediately said I wanted to talk to the manager but I did not want to talk to the guy who was doing shots of fireball behind the bar
30,Chunked Balsamic,DE,511,I dont know what the big deal is about this place but I wont be back yaall
31,Silky Prosciutto,ME,239,Weve have gotten a much better service from the pizza place next door than the services we received from this restaurant
32,Small Sodas,NC,640,Hell no will I go back
33,Roasted Cream,NY,131,But I dont like it
34,Yucky Edamame,WI,1287,Its NOT hard to make a decent hamburger
35,Rancid Mozzarella,TN,1275,Del Taco is pretty nasty and should be avoided if possible
36,Calorie Oatmeal,NY,678,After all the rave reviews I couldnt wait to eat herewhat a disappointment
37,Petite Clementine,FL,299,She was quite disappointed although some blame needs to be placed at her door
38,Superb Hummus,DE,1071,If someone orders two tacos dont you think it may be part of customer service to ask if it is combo or ala cart
39,Sweet Spinach,OR,357,Insults profound deuchebaggery and had to go outside for a smoke break while serving just to solidify it
40,Delicious Plums,WI,1448,The only reason to eat here would be to fill up before a night of binge drinking just to get some carbs in your stomach
41,Heady Custard,AR,222,My husband said she was very rude did not even apologize for the bad food or anything
42,Jumbo Soy,MN,1022,The real disappointment was our waiter
43,Piquant Lemonade,RI,87,Then our food came out disappointment ensued
44,Brown Clementine Fandango,NM,1006,But then they came back cold
45,Infused Lemon,WV,15,The fries were not hot and neither was my burger
46,Famous Ice,IN,682,Con spotty service
47,Plump Oysters,IN,157,The ambiance here did not feel like a buffet setting but more of a douchey indoor garden for tea and biscuits
48,Plain Lobster,AL,1299,The tables outside are also dirty a lot of the time and the workers are not always friendly and helpful with the menu
49,Blazed Butter,OH,964,It wasnt busy at all and now we know why
50,Tart Pasta,DE,706,Maybe its just their Vegetarian fare but Ive been twice and I thought it was average at best
51,Pleasant Saccharine,IN,34,This place is horrible and way overpriced
52,Classy Parmesan,PA,409,I was VERY disappointed
53,Gingery Ricotta,NJ,473,It was a bit too sweet not really spicy enough and lacked flavor
54,Lite Plantains,HI,874,The chipolte ranch dipping sause was tasteless seemed thin and watered down with no heat
55,Prickly Tomato,SD,476,The cashew cream sauce was bland and the vegetables were undercooked
56,Appealing Dandelion,NV,462,Not good by any stretch of the imagination
57,Treacly Pasta,OH,506,very slow at seating even with reservation
58,Prickly Mushrooms,ID,1261,Probably not in a hurry to go back
59,Unsavory Blue,DE,1499,It was equally awful
60,Silky Isomalt,TX,971,The building itself seems pretty neat the bathroom is pretty trippy but I wouldnt eat here again
61,Lavish Red,KY,454,The meat was pretty dry I had the sliced brisket and pulled pork
62,Extraordinary Bell,KS,911,Dont bother coming here
63,Yucky Arugula,WV,1061,The sangria was about half of a glass wine full and was 12 ridiculous
64,Baked Grapes,NV,1023,This place lacked style
65,Soothing Silverbeet,MT,901,The place was fairly clean but the food simply wasnt worth it
66,Zesty Chia,AL,547,We wont be going back
67,Nutty Crab,KS,882,WAAAAAAyyyyyyyyyy over rated is all I am saying
68,Saline Rum,MT,1386,If you want to wait for mediocre food and downright terrible service then this is the place for you
69,Savory Cacao,CT,1016,The food is about on par with Dennys which is to say not good at all
70,Rich Oolong,UT,885,Disappointing experience
71,Heady Baby,MT,1319,We arent ones to make a scene at restaurants but I just dont get itdefinitely lost the love after this one
72,Deep-fried Vodka,CO,1243,It also took her forever to bring us the check when we asked for it
73,Tasteful Rutabaga/Swede,GA,51,It was so bad I had lost the heart to finish it
74,Edible Falafel,IN,1133,I could barely stomach the meal but didnt complain because it was a business lunch
75,Mouth-watering Basil,OH,70,However there was so much garlic in the fondue it was barely edible
76,Tasty Parmesan,UT,477,The RI style calamari was a joke
77,Warm Cream,OR,1275,Every time I eat here I see caring teamwork to a professional degree
78,Unflavored Rhubarb,AR,744,This place is disgusting
79,Creamy Milk,NV,402,Needless to say I wont be going back anytime soon
80,Rubbery Pear,AR,67,What SHOULD have been a hilarious yummy Christmas Eve dinner to remember was the biggest fail of the entire trip for us
81,Fantastic Pomegranate,WV,390,They brought a fresh batch of fries and I was thinking yay something warm but no
82,Briny Saccharine,FL,1069,I got food poisoning here at the buffet
83,Grilled Inulin,NJ,1380,There is really nothing for me at postinos hope your experience is better
84,Appealing Cocoa,NE,1071,The only thing I wasnt too crazy about was their guacamole as I dont like it purÃ©ed
85,Soothing Whiskey,ID,230,Im not impressed with the concept or the food
86,Doughy Rutabaga/Swede,NV,429,How can you call yourself a steakhouse if you cant properly cook a steak I dont understand
87,Hot Oysters,DE,27,i felt insulted and disrespected how could you talk and judge another human being like that
88,Pickled Xylitol,VA,350,Very very sad
89,Heady Cardamom,MN,1030,I seriously cannot believe that the owner has so many unexperienced employees that all are running around like chickens with their heads cut off
90,Delicious Curry,AZ,492,This is my new fav Vegas buffet spot
91,Lean Water,PA,48,We wont be returning
92,Seasoned Blackberry,WY,21,The chips and sals a here is amazing
93,Organic Pistachio,CT,756,After the disappointing dinner we went elsewhere for dessert
94,Zesty Persimmon,MI,2,Also I feel like the chips are bought not made in house
95,Cutting Kumquat,GA,1269,My order was not correct
96,Crafted Sesame,CT,70,And the drinks are WEAK people
97,Cheesy Broad,IN,153,The Buffet at Bellagio was far from what I anticipated
98,Sweet Dates,ND,410,Their regular toasted bread was equally satisfying with the occasional pats of butter Mmmm
99,Drizzle Flax,WA,986,Spend your money elsewhere
100,Caramelized Miso,OH,1445,Overall a great experience
101,Bland Yogurt,OH,4,Highly unprofessional and rude to a loyal patron
102,Delicious Turnip,CT,424,I had strawberry tea which was good
103,Lite Pear,LA,1098,The pizza selections are good
104,Lite Turkey,OR,81,I want to first say our server was great and we had perfect service
105,Seared Kale,SD,251,If you stay in Vegas you must get breakfast here at least once
106,Tepid Sorbitol,MO,982,Worst Thai ever
107,Saccharine Spinach,AL,60,Pricing is a bit of a concern at Mellow Mushroom
108,Nutmeg Pecorino,RI,801,Their rotating beers on tap is also a highlight of this place
109,Dull Zucchini,AL,986,My boyfriend tried the Mediterranean Chicken Salad and fell in love
110,Sapid Sultanas,NM,918,No allergy warnings on the menu and the waitress had absolutely no clue as to which meals did or did not contain peanuts
111,Sauteed Millet,OK,524,Seriously killer hot chai latte
112,Flat Blue,AR,788,After 20 minutes wait I got a table
113,Acidic Kidney,AR,1380,The service was extremely slow
114,Pungent Endive,DE,1076,I had about two bites and refused to eat anymore
115,Fetid Onions,KY,307,On three different occasions I asked for well done or medium well and all three times I got the bloodiest piece of meat on my plate
116,Jumbo Drinking,ME,864,I ordered Albondigas soup  which was just warm  and tasted like tomato soup with frozen meatballs
117,Mellow Cornflour,NM,1045,We definately enjoyed ourselves
118,Sharp Cinnamon,IL,327,The service was terrible food was mediocre
119,Greasy Dill,NC,366,I found a six inch long piece of wire in my salsa
120,Leathery Ketchup,SD,672,Now the burgers arent as good the pizza which used to be amazing is doughy and flavorless
121,Jumbo Currants,ID,402,I love the ownerchef his one authentic Japanese cool dude
122,Seasoned Orange,LA,42,Go To Place for Gyros
123,Perfection Beetroots/Beets,CT,306,Ive had better bagels from the grocery store
124,Creamed Scallions,AL,702,There was hardly any meat
125,Burnt Cardamom,VT,508,Weird vibe from owners
126,Fragile Avocado,NE,316,My boyfriend and i sat at the bar and had a completely delightful experience
127,Pulpy Chickpeas,SD,972,All in all an excellent restaurant highlighted by great service a unique menu and a beautiful setting
128,Glazed Watercress,GA,545,this is the worst sushi i have ever eat besides Costcos
129,Kosher Haddock,MI,466,I started this review with two stars but Im editing it to give it only one
130,Appetizing Broad,OH,281,The feel of the dining room was more college cooking course than high class dining and the service was slow at best
131,Lavish Mannitol,NJ,429,The service was great even the manager came and helped with our table
132,Caked Tomato,MS,1143,For sushi on the Strip this is the place to go
133,Silky Lactose,WI,481,This place is awesome if you want something light and healthy during the summer
134,Calorie Avocado,PA,371,They have a plethora of salads and sandwiches and everything Ive tried gets my seal of approval
135,Sharp-tasting Cod,CO,734,Always a pleasure dealing with him
136,Crafted Sodas,VT,811,I love their fries and their beans
137,Frozen Kidney,CT,690,Hot dishes are not hot cold dishes are close to room tempI watched staff prepare food with BARE HANDS no glovesEverything is deep fried in oil
138,Sticky Lemongrass,GA,324,Talk about great customer service of course we will be back
139,Caramelized Rye,KS,932,This place is pretty good nice little vibe in the restaurant
140,Crunchy Milk,AK,27,Worst foodservice Ive had in a while
141,Popular Lemongrass,IN,239,I probably wont be coming back here
142,Creamed Cranberry,KY,702,Some may say this buffet is pricey but I think you get what you pay for and this place you are getting quite a lot
143,Fizzy Chicken,IL,707,Went in for happy hour great list of wines
144,Saccharine Tempeh,MD,702,My fella got the huevos rancheros and they didnt look too appealing
145,Luscious Radish,IN,1012,The Wife hated her meal coconut shrimp and our friends really did not enjoy their meals either
146,Mouth-watering Herbal,TN,423,The price is reasonable and the service is great
147,Infused Bananas,NE,749,So flavorful and has just the perfect amount of heat
148,Spiral-cut Cauliflower,NY,142,I probably would not go here again
149,Kosher Mango,WI,1368,the potatoes were great and so was the biscuit
150,Fluffy Brie,WA,130,Bad day or not I have a very low tolerance for rude customer service people it is your job to be nice and polite wash dishes otherwise
151,Astringent Oat,MI,905,To my disbelief each dish qualified as the worst version of these foods I have ever tasted
152,Nutmeg Blueberry,NM,1287,In fact Im going to round up to 4 stars just because she was so awesome
153,Fruity Cocoa,IA,1109,I would not recommend this place
154,Pulpy Chorizo,NC,402,This place deserves no stars
155,Mouth-watering Rye,KY,983,We could not believe how dirty the oysters were
156,Prickly Baby,MT,330,I wont be back
157,Kosher Isomalt,WI,660,I ate there twice on my last visit and especially enjoyed the salmon salad
158,Superb Blackberry,AK,378,The food came out at a good pace
159,Briny Amaranth,MO,993,for 40 bucks a head i really expect better food
160,Candied Cashews,OK,906,I recently tried Caballeros and I have been back every week since
161,Extraordinary Chia,VA,710,Food is way overpriced and portions are PROFANITY small
162,Lite Whiskey,UT,947,I have never had such bland food which surprised me considering the article we read focused so much on their spices and flavor
163,Warm Mandarin,VT,905,Just had lunch here and had a great experience
164,Toasted Brown,AZ,244,I paid the bill but did not tip because I felt the server did a terrible job
165,Smothered Ginger,TX,780,They were excellent
166,Dull Pomegranate,LA,1151,Best service and food ever Maria our server was so good and friendly she made our day
167,Lite Peanuts,NJ,953,No one at the table thought the food was above average or worth the wait that we had for it
168,Blazed Cumin,IA,1056,Very poor service
169,Famy Persimmon,IL,1060,Do yourself a favor and stay away from this dish
170,Gingery Mint,CT,700,I do love sushi but I found Kabuki to be overpriced overhip and underservices
171,Kosher Silverbeet,NC,331,The service here is fair at best
172,Traditional Wasabi,IL,881,For that price I can think of a few place I would have much rather gone
173,Acidic Prosciutto,FL,432,Food quality has been horrible
174,Flavored Popcorn,NE,1029,Wont ever go here again
175,Prickly Lychee,SD,483,Awful service
176,Fragile Watercress,PA,631,The crÃªpe was delicate and thin and moist
177,Blended Buttermilk,IN,838,I love that they put their food in nice plastic containers as opposed to cramming it in little paper takeout boxes
178,Golden Lettuce,ID,394,Do not waste your money here
179,Smelly Trout,NC,693,But I definitely would not eat here again
180,Mild Quinoa,SC,1411,This place should honestly be blown up
181,Silky Rambutan,MT,89,It kept getting worse and worse so now Im officially done
182,Reduced Cod,NH,407,The seasonal fruit was fresh white peach puree
183,Acidic Trout,ND,612,The food was terrible
184,Flavored Hemp,OH,72,I can say that the desserts were yummy
185,Spongy Cow,DE,1376,I love this place
186,Sticky Raisins,NC,250,It was packed
187,Savorless Haddock,UT,257,This place is overpriced not consistent with their boba and it really is OVERPRICED
188,Organic Sardines,AR,1369,The service was terrible though
189,Sugar-coated Avocado,SC,1309,The server was very negligent of our needs and made us feel very unwelcome I would not suggest this place
190,Large Crumpets,FL,819,The first time I ever came here I had an amazing experience I still tell people how awesome the duck was
191,Non-fat Hommus,NC,1141,Lastly the mozzarella sticks they were the best thing we ordered
192,Thick Wild,ND,903,Not a single employee came out to see if we were OK or even needed a water refill once they finally served us our food
193,Tasteless Scallions,AK,783,I could eat their bruschetta all day it is devine
194,Sapid Dill,IL,51,I had high hopes for this place since the burgers are cooked over a charcoal grill but unfortunately the taste fell flat way flat
195,Rancid Shallot,AL,994,They were goldencrispy and delicious
196,Mellow Haddock,WA,754,This place was such a nice surprise
197,Tepid Figs,TX,555,Why are these sad little vegetables so overcooked
198,Bitter Haricot,NY,903,And service was super friendly
199,Spiral-cut Cornflour,WV,1178,Im super PROFANITY
200,Vanilla Bell,SC,892,Once you get inside youll be impressed with the place
201,Strong Teff,AL,397,Mediocre food
202,Acidic Oolong,AR,880,This place is great
203,Tasteless Cacao,KS,553,The chips and salsa were really good the salsa was very fresh
204,Steamed Tapioca,KS,553,So good I am going to have to review this place twice  once hereas a tribute to the place and once as a tribute to an event held here last night
205,Tender Milk,KY,873,My brother in law who works at the mall ate here same day and guess what he was sick all night too
206,Unseasoned Vinegar,OR,1442,The classic Maine Lobster Roll was fantastic
207,Flavorful Kiwifruit,VA,262,Paying 785 for a hot dog and fries that looks like it came out of a kids meal at the Wienerschnitzel is not my idea of a good meal
208,Palatable Peaches,NV,853,Once your food arrives its meh
209,Pulpy Sheep's,OK,682,When I received my Pita it was huge it did have a lot of meat in it so thumbs up there
210,Peppery Nectarine,PA,1039,Great atmosphere friendly and fast service
211,Saccharine Spaghetti,MD,85,The staff is super nice and very quick even with the crazy crowds of the downtown juries lawyers and court staff
212,Calorie Wine,TN,306,I dont have very many words to say about this place but it does everything pretty well
213,Savory Olive,MI,1069,We will not be coming back
214,Succulent Mango,WI,1182,The nachos are a MUST HAVE
215,Delicious Amaranth,UT,484,The chains which Im no fan of beat this place easily
216,Filet Banana,WI,1267,Bland and flavorless is a good way of describing the barely tepid meat
217,Tasteful Marmite,VA,944,Perfect for someone me who only likes beer ice cold or in this case even colder
218,Nutmeg Bamboo,ND,543,Join the club and get awesome offers via email
219,Piquant Cottage,KS,667,I had a pretty satifying experience
220,Elastic Cottage,MA,184,Unfortunately it was not good
221,Organic Lemon,NV,688,My girlfriends veal was very bad
222,Lively Cardamom,HI,977,So in a nutshell 1 The restaraunt smells like a combination of a dirty fish market and a sewer
223,Caramelized Amaranth,TX,334,These were so good we ordered them twice
224,Tasteless Tahini,MA,1308,Their frozen margaritas are WAY too sugary for my taste
225,Tossed Carob,OR,541,The flair bartenders are absolutely amazing
226,Lavish Sucralose,AZ,45,What did bother me was the slow service
227,Sugar-free Broccoli,MI,1445,the food is not tasty at all not to say its real traditional Hunan style
228,Plump Melons,WV,476,Great time  family dinner on a Sunday night
229,Rancid Rye,LA,411,My sashimi was poor quality being soggy and tasteless
230,Tepid Inulin,MT,394, Both the Hot  Sour  the Egg Flower Soups were absolutely 5 Stars
231,Famy Dandelion,VT,289,Its close to my house its lowkey nonfancy affordable prices good food
232,Harsh Barbeque,WA,636,The block was amazing
233,Sticky Oatcake,KS,79,One of the few places in Phoenix that I would definately go back to again 
234,Juicy Mung,AL,891,Tasted like dirt
235,Sharp Lamb,GA,40,Im so happy to be here
236,Saline Green,MI,337,But the service was beyond bad
237,Deep-fried Pomegranate,NH,415,The chicken dishes are OK the beef is like shoe leather
238,Organic Flax,MT,681,The place was not clean and the food oh so stale
239,Marinated Feijoa,AR,901,Food was good service was good Prices were good
240,Buttered Watermelon,ID,362,The service was poor and thats being nice
241,Prepared Marmite,HI,234,The jalapeno bacon is soooo good
242,Golden Chutney,MS,1367,This is a GREAT place to eat
243,Acid Pear,NV,841,I had to wait over 30 minutes to get my drink and longer to get 2 arepas
244,Fantastic Yam,WI,1125,When Im on this side of town this will definitely be a spot Ill hit up again
245,Syrupy Cashews,OK,1451,Main thing I didnt enjoy is that the crowd is of older crowd around mid 30s and up
246,Crisp Peanut,ND,489,We were sat right on time and our server from the get go was FANTASTIC
247,Flavorful Mannitol,SC,473,Level 5 spicy was perfect where spice didnt overwhelm the soup
248,Intense Havarti,ID,1181,The wontons were thin not thick and chewy almost melt in your mouth
249,Bite-size Havarti,NM,146,I got to enjoy the seafood salad with a fabulous vinegrette
250,Savorless Thyme,MT,844,Wonderful lil tapas and the ambience made me feel all warm and fuzzy inside
251,Mellow Eggs,AL,1357,I have watched their prices inflate portions get smaller and management attitudes grow rapidly
252,Aromatic Acorn,WV,1117,I always order from the vegetarian menu during dinner which has a wide array of options to choose from
253,Grilled Sultanas,RI,1355,An extensive menu provides lots of options for breakfast
254,Cool Gherkins,NC,121,There was a warm feeling with the service and I felt like their guest for a special treat
255,Treacly Stevia,OK,690,Will not be back
256,Sweet Cardamom,NY,1425,When I opened the sandwich I was impressed but not in a good way
257,Nectarous Asiago,NJ,1372,Im not sure how long we stood there but it was long enough for me to begin to feel awkwardly out of place
258,Chocolate Coffee,IN,435,It was way over fried
259,Sugary High,MO,593,The restaurant is very clean and has a family restaurant feel to it
260,Fragile Parsnip,KY,525,Never had anything to complain about here
261,Spongy Chorizo,OH,1191,I love the decor with the Chinese calligraphy wall paper
262,Acid Sugar,LA,765,Try them in the airport to experience some tasty food and speedy friendly service
263,Prepared Pork,OH,1203,Friends pasta  also bad he barely touched it
264,Mixed Walnuts,TN,444,Probably never coming back and wouldnt recommend it
265,Vinegary Brie,AL,805,They also now serve Indian naan bread with hummus and some spicy pine nut sauce that was out of this world
266,Spicy Blackberry,WA,414,Overall I like there food and the service
267,Infused Soba,OK,761,Nicest Chinese restaurant Ive been in a while
268,Crunchy Rye,NY,1360,Ryans Bar is definitely one Edinburgh establishment I wont be revisiting
269,Cheesy Chicory,OK,940,The food was barely lukewarm so it must have been sitting waiting for the server to bring it out to us
270,Golden Scallions,CT,1111,As for the service I thought it was good
271,Sour Croissants,LA,659,The Han Nan Chicken was also very tasty
272,Greasy Mustard,RI,646,A FLY was in my apple juice A FLY
273,Waxy Salmon,IA,994,One nice thing was that they added gratuity on the bill since our party was larger than 6 or 8 and they didnt expect more tip than that
274,Saporous Chicory,NC,855,Great food and awesome service
275,Minty Buckwheat,WI,1319,Awesome selection of beer
276,Nutmeg Crab,NV,1078,Special thanks to Dylan T for the recommendation on what to order  All yummy for my tummy
277,Savorless Tuna,VT,1283,The food was great as always compliments to the chef
278,Tender Blue,MO,200,The chicken was deliciously seasoned and had the perfect fry on the outside and moist chicken on the inside
279,Sticky Tangelo,NH,136,Cute quaint simple honest
280,Ripe Tangelo,OK,218,We ordered some old classics and some new dishes after going there a few times and were sorely disappointed with everything
281,Tough Vegetable,MO,742,After one bite I was hooked
282,Brown Apricot,ND,629,Tonight I had the Elk Filet specialand it sucked
283,Wonderful Mango,SC,1197,They have a really nice atmosphere
284,Candied Green,IN,853,Only Pros  Large seating area Nice bar area Great simple drink menu The BEST brick oven pizza with homemade dough
285,Glazed Broccoli,IA,874,I loved the grilled pizza reminded me of legit Italian pizza
286,Zingy Coconut,MD,960,If you are reading this please dont go there
287,Satiny Basmati,MI,226,2 Thumbs Up
288,Tantalizing Parsley,NC,1200,Not my thing
289,Wonderful Eggplant/Aubergine,UT,297,That said our mouths and bellies were still quite pleased
290,Furry Tahini,WY,519,I mean really how do you get so famous for your fish and chips when its so terrible
291,Grilled Amaranth,SC,291,Service is quick and even to go orders are just like we like it
292,Traditional Rutabaga/Swede,GA,910,Would not recommend to others
293,Stale Marmite,DE,368,The atmosphere here is fun
294,Flat Inulin,AZ,1243,I work in the hospitality industry in Paradise Valley and have refrained from recommending Cibo any longer
295,Mellow Salt,NV,1090,The cashier was friendly and even brought the food out to me
296,Juicy Marmite,WI,576,Our server was very nice and attentive as were the other serving staff
297,Steamed Chamomile,GA,165,Have been going since 2007 and every meal has been awesome
298,Fragile Durian,NE,191,I wasnt really impressed with Strip Steak
299,Spongy Muffins,ID,853,The chips that came out were dripping with grease and mostly not edible
300,Drizzle Gherkins,NH,1054,Anyways The food was definitely not filling at all and for the price you pay you should expect more
301,Baked Lettuce,VA,157,Needless to say we will never be back here again
302,Crafted Currants,OK,722,I was mortified
303,Chunked Brie,NC,1046,We had so much to say about the place before we walked in that he expected it to be amazing but was quickly disappointed
304,Candied Oregano,WI,269,Went for lunch  service was slow
305,Mashed Tuna,AR,1204,Hawaiian Breeze Mango Magic and Pineapple Delight are the smoothies that Ive tried so far and theyre all good
306,Cool Mung,IL,1265,The sergeant pepper beef sandwich with auju sauce is an excellent sandwich as well
307,Superb Plums,RI,550,will definitely be back
308,Tantalizing Kiwifruit,IL,857,I probably wont be back to be honest
309,Stuffed Plums,GA,1319,It was absolutely amazing
310,Sticky Acesulfame,SC,1003,Good food  good service 
311,Acid Nutritional,TX,1353,The steak was amazingrge fillet relleno was the best seafood plate i have ever had
312,Soporific Lemongrass,FL,471,The decor is nice and the piano music soundtrack is pleasant
313,Sweet Chickpeas,CA,1027,Prices are very reasonable flavors are spot on the sauce is home made and the slaw is not drenched in mayo
314,Fiery Dark,VA,890,Total brunch fail
315,Rancid Hemp,OR,1375,Damn good steak
316,Heady Inulin,WV,1049,Very good food great atmosphere1
317,Zesty Halloumi,IN,1209,Dessert Panna Cotta was amazing
318,Tangy Lemonade,NC,975,Your staff spends more time talking to themselves than me
319,Tantalizing Tangelo,TX,880,I gave it 5 stars then and Im giving it 5 stars now
320,Satin Cranberry,OK,240,Service was slow and not attentive
321,Tasty Cream,ND,616,Its a great place and I highly recommend it
322,Stuffed Ginger,ME,1313,The plantains were the worst Ive ever tasted
323,Satin Ketchup,SC,350,I cant wait to go back
324,Lavish Sour,AL,899,A fantastic neighborhood gem 
325,Bite-size Alfalfa,SD,379,Awesome service and food
326,Fluffy Mozzarella,OR,953,What a great double cheeseburger
327,Whipped Dates,ID,873,As a sushi lover avoid this place by all means
328,Large Stevia,AL,369,I promise they wont disappoint
329,Marinated Dragon,DE,231,dont go here
330,Acidic Sultanas,NE,100,Google mediocre and I imagine Smashburger will pop up
331,Low-fat Curry,WY,1438,The owner used to work at Nobu so this place is really similar for half the price
332,Generous Sorghum,IL,765,And the chef was generous with his time even came around twice so we can take pictures with him
333,Harsh Cauliflower,WY,228,The staff was very attentive
334,Lively Orange,LA,1117,The sweet potato tots were good but the onion rings were perfection or as close as I have had
335,Delicious Tuna,IA,1387,Eclectic selection
336,Sweet Colby,KS,452,Both great
337,Nutty Melons,VA,775,The owners are super friendly and the staff is courteous
338,Stinging Savory,MD,877,Very convenient since we were staying at the MGM
339,Rotten Star,NY,1381,I personally love the hummus pita baklava falafels and Baba Ganoush its amazing what they do with eggplant
340,Minty Cinnamon,MI,639,The atmosphere was great with a lovely duo of violinists playing songs we requested
341,Sugar-free Broad,SD,902,It was just not a fun experience
342,Cured Sorbitol,NM,618,That just SCREAMS LEGIT in my booksomethats also pretty rare here in Vegas
343,Rich Bamboo,NJ,320,Hands down my favorite Italian restaurant
344,Tangy Grapes,ID,1192,The fried rice was dry as well
345,Smelly Goat,FL,759,The patio seating was very comfortable
346,Terrific Capers,CT,1191,Not much flavor to them and very poorly constructed
347,Toasted Fennel,AR,177,It is PERFECT for a sitdown family meal or get together with a few friends
348,Unflavored Vegemite,AR,934,Great place to relax and have an awesome burger and beer
349,Whipped Ketchup,IN,333,Very Very Disappointed ordered the 35 Big Bay Plater
350,Calorie Rampa,OH,1464,We wont be going back anytime soon
351,Warm Collard,AZ,263,Great food
352,Sweet-and-sour Cranberry,CT,1181,Food was average at best
353,Thin Cho,OH,769,What a mistake
354,Filet Ketchup,ID,164,Very bad Experience
355,Tossed Soba,MT,1217,This place has a lot of promise but fails to deliver
356,Salty Lemonade,ME,584,Maybe if they werent cold they would have been somewhat edible
357,Salty Broccoli,SC,147,Our waiter was very attentive friendly and informative
358,Satin Apricot,PA,1417,Im not eating here
359,Drizzle Cacao,DE,495,The Macarons here are insanely good
360,Reduced Olives,MS,1467,This is a good joint
361,Jumbo Apricots,CT,523,After waiting an hour and being seated I was not in the greatest of moods
362,Furry Passion,TN,467,I was proven dead wrong by this sushi bar not only because the quality is great but the service is fast and the food impeccable
363,Caked Xylitol,NV,91,Tried to go here for lunch and it was a madhouse
364,Heady Orange,CT,273,We were promptly greeted and seated
365,Organic Strawberry,GA,1312,Ordered burger rare came in well done
366,Pounded Cashews,FL,329,Highquality chicken on the chicken Caesar salad
367,Sugar-free Watercress,NC,165,Same evening him and I are both drastically sick
368,Roasted Currants,RI,1066,The roast beef sandwich tasted really good
369,Small Melons,NY,73,Four stars for the food  the guy in the blue shirt for his great vibe  still letting us in to eat 
370,Non-fat Margarine,TN,245,The staff is always super friendly and helpful which is especially cool when you bring two small boys and a baby
371,Acid Lemonade,MN,670,I asked multiple times for the wine list and after some time of being ignored I went to the hostess and got one myself
372,Smoked Cardamom,NV,1275,Any grandmother can make a roasted chicken better than this one
373,Gingery Sardines,AK,508,Best of luck to the rude and noncustomer service focused new management
374,Warm Capsicum,VA,1487,Ambience is perfect
375,Ripe Pecorino,CO,493,Pretty awesome place
376,Insipid Butternut,ND,1120,a drive thru means you do not want to wait around for half an hour for your food but somehow when we end up going here they make us wait and wait
377,Icy Oatcake,CA,690,The grilled chicken was so tender and yellow from the saffron seasoning
378,Garlic Spaghetti,MI,331,Very disappointing
379,Strong Oatmeal,WI,117,I had the chicken Pho and it tasted very bland
380,Treacly Croissants,SC,1481,I will not return
381,Frozen Pear,OR,511,They really want to make your experience a good one
382,Hot Haddock,MD,1380,Despite how hard I rate businesses its actually rare for me to give a 1 star
383,Brown Rye,AZ,190,My friend did not like his Bloody Mary
384,Unsavory Guava,SD,1306,The cow tongue and cheek tacos are amazing
385,Fleshy Ice,IL,646,An absolute must visit
386,Fresh Crab,VA,419,Sorry I will not be getting food from here anytime soon 
387,Filet Peaches,SD,986,The chicken I got was definitely reheated and was only ok the wedges were cold and soggy
388,Stinging Kombucha,MT,1205,I checked out this place a couple years ago and was not impressed
389,Dressed Sorghum,WA,1143,THE OWNERS REALLY REALLY need to quit being soooooo cheap let them wrap my freaking sandwich in two papers not one
390,Palatable Chestnuts,PA,698,I will not be eating there again
391,Fizzy Stevia,MI,767,We made the drive all the way from North Scottsdale and I was not one bit disappointed
392,Traditional Chorizo,NJ,443,I just wanted to leave
393,Burnt Cashews,LA,703,It was awesome
394,Lively Cilantro,AL,410,The food is good
395,Creamed Shallot,OR,540,Couldnt ask for a more satisfying meal
396,Creamed Collard,ND,740,Good value great food great service
397,Golden Collard,LA,493,They also have the best cheese crisp in town
398,Jumbo Milk,TX,484,We got sitting fairly fast but ended up waiting 40 minutes just to place our order another 30 minutes before the food arrived
399,Moist Water,CT,762,I miss it and wish they had one in Philadelphia
400,Edible Wheat,HI,262,Not good for the money
401,Furry Lime,FL,1123,I really enjoyed Crema CafÃ© before they expanded I even told friends they had the BEST breakfast
402,Mild Vegemite,MN,597,Itll be a regular stop on my trips to Phoenix
403,Cold Papaya,KS,512,I got home to see the driest damn wings ever
404,Plump Hemp,KY,946,The croutons also taste homemade which is an extra plus
405,Harsh Mayonnaise,NJ,1153,It was a pale color instead of nice and char and has NO flavor
406,Filet Oysters,WA,236,It was extremely crumby and pretty tasteless
407,Delectable Cranberry,NM,1431,OMG I felt like I had never eaten Thai food until this dish
408,Scrumptious Oatmeal,AK,1489,The waitress was friendly and happy to accomodate for veganveggie options
409,Drizzle Zucchini,RI,319,Great place fo take out or eat in
410,Stinging Cocoa,NH,575,The kids play area is NASTY
411,Oily Lettuce,TX,203,My breakfast was perpared great with a beautiful presentation of 3 giant slices of Toast lightly dusted with powdered sugar
412,Chocolate Broccoli,MO,448,I hate those things as much as cheap quality black olives
413,Honey Black,WI,285,All in all I can assure you Ill be back
414,Deep-fried Gnocchi,CT,791,Great food and great service in a clean and friendly setting
415,Treacly Seaweed,OH,84,After I pulled up my car I waited for another 15 minutes before being acknowledged
416,Tasteful Paprika,AL,959,Their steaks are 100 recommended
417,Pureed Chicory,SC,63,If you look for authentic Thai food go else where
418,Infused Celery,IN,1455,Over rated
419,Cheesy Water,NJ,1047,Boy was that sucker dry
420,Roasted Shallot,AK,1500,As for the service Im a fan because its quick and youre being served by some nice folks
421,Low Pinto,CO,211,The staff are also very friendly and efficient
422,Golden Arugula,NY,1404,Service was good and the company was better
423,Piquant Edamame,NM,296,I swung in to give them a try but was deeply disappointed
424,Toasted Gherkins,MO,1416,The pizza tasted old super chewy in not a good way
425,Classic Cous,OK,236,Our server was super nice and checked on us many times
426,Thin Bacon,DE,1151,He also came back to check on us regularly excellent service
427,Chunked Butternut,FL,1486,Waited and waited and waited
428,Robust Molasses,AK,285,We recently witnessed her poor quality of management towards other guests as well
429,Beautiful Sugar/sucrose,WV,151,Eew This location needs a complete overhaul
430,Sugary Carob,WY,503,I consider this theft
431,Blazed Oat,MA,563,AN HOUR seriously
432,Acidic Brazil,TX,263,Food was delicious
433,Sweetened Tapioca,MI,1074,The servers went back and forth several times not even so much as an Are you being helped
434,Fiery Savory,IL,874,I will never go back to this place and will never ever recommended this place to anyone
435,Flat Sultanas,WA,543,Generous portions and great taste
436,Saporous Capers,KS,368,I believe that this place is a great stop for those with a huge belly and hankering for sushi
437,Tantalizing Tzatziki,HI,59,A good time
438,Spiced Bananas,FL,672,After two I felt disgusting
439,Oily Semolina,NE,902,My salad had a bland vinegrette on the baby greens and hearts of Palm
440,Robust Brazil,MS,423,I heart this place
441,Fresh Tumeric,MI,1392,All of the tapas dishes were delicious
442,Dull Tarragon,SC,463,I think this restaurant suffers from not trying hard enough
443,Filet Olive,UT,414,AVOID THIS ESTABLISHMENT
444,Pungent Popcorn,SC,1164,I know this is not like the other restaurants at all something is very off here
445,Delicious Kiwifruit,IN,828,However my recent experience at this particular location was not so good
446,Zingy Cranberry,MT,609,I guess maybe we went on an off night but it was disgraceful
447,Acidic Sardines,MI,1293,I would recommend saving room for this
448,Garlic Canola,ME,162,Nice ambiance
449,Extraordinary Blueberry,CO,868,I really do recommend this place you can go wrong with this donut place
450,Furry Shrimp,CA,213,My boyfriend and I came here for the first time on a recent trip to Vegas and could not have been more pleased with the quality of food and service
451,Strong Parsnip,AK,457,The desserts were a bit strange
452,Tart Cho,CT,1143,not even a hello we will be right with you
453,Classy Wheat,NE,787,Last night was my second time dining here and I was so happy I decided to go back
454,Buttered Agave,IN,765,Just spicy enough Perfect actually
455,Smoked Celeriac,NC,1020,No Im going to eat the potato that I found some strangers hair in it
456,Tart Tapioca,MN,1136,I wont try going back there even if its empty
457,Traditional Blue,UT,1213,The yellowtail carpaccio was melt in your mouth fresh
458,Tender Lemongrass,NE,34,We waited for thirty minutes to be seated although there were 8 vacant tables and we were the only folks waiting
459,Tangy Goat,ND,1498,I had the opportunity today to sample your amazing pizzas
460,Seared Parsnip,MO,271,The steak and the shrimp are in my opinion the best entrees at GC
461,Smoky Rye,CO,1317,Worst martini ever
462,Traditional Garbanzo,TN,1080,Great steak great sides great wine amazing desserts
463,Smoked Margarine,NM,562,If there were zero stars I would give it zero stars
464,Fizzy Acesulfame,NJ,474,An excellent new restaurant by an experienced Frenchman
465,Unseasoned Halloumi,MI,1020,Terrible management
466,Briny Gluten,VA,540,If you love authentic Mexican food and want a whole bunch of interesting yet delicious meats to choose from you need to try this place
467,Hot Alfalfa,LA,681,The best place in Vegas for breakfast just check out a Sat or Sun
468,Warm Blackberry,CT,1411,This place is two thumbs upway up
469,Kosher Granola,LA,834,Everything was good and tasty
470,Classy Cilantro,MT,523,The bartender was also nice
471,Greasy Cranberry,OR,1249,This was my first time and I cant wait until the next
472,Gorgeous Potato,MO,972,Be sure to order dessert even if you need to pack it togo  the tiramisu and cannoli are both to die for
473,Warm Basil,TX,1238,And it was way to expensive
474,Marinated Brussel,NY,1019,Similarly the delivery man did not say a word of apology when our food was 45 minutes late
475,Stinging Tangelo,MA,1454,Those burgers were amazing
476,Boiled Chutney,AL,458,first time there and might just be the last
477,Sweet-and-sour Cardamom,NH,717,A greasy unhealthy meal
478,Tasteless Tomato,DE,763,If you havent gone here GO NOW
479,Honey Saccharine,RI,1215,Oh this is such a thing of beauty this restaurant
480,Skillfully Vegemite,DE,1397,Point your finger at any item on the menu order it and you wont be disappointed
481,Plain Nutritional,DE,670,Anyway I do not think i will go back there
482,Sweetened Tahini,OH,1225,At first glance it is a lovely bakery cafe  nice ambiance clean friendly staff
483,Toasted Basil,VT,1264,it was a drive to get there
484,Gourmet Cashews,NC,220,The food is very good for your typical bar food
485,Caked Blackberry,MN,104,Everything was perfect the night we were in
486,Unseasoned Lamb,HI,167,Reasonably priced also
487,Delight Coconut,NH,1225,By far the BEST cheesecurds we have ever had
488,Deep-fried Ricotta,AK,200,Give it a try you will be happy you did
489,Saline Drinking,IA,412,I dont each much pasta but I love the homemade hand made pastas and thin pizzas here
490,Whole Artichoke,TX,388,Thoroughly disappointed
491,Delicious Oatcake,WY,279,Terrible service
492,Smoky Yogurt,HI,562,My gyro was basically lettuce only
493,Seared Sweet,NH,711,Overall I wasnt very impressed with Noca
494,Minty Passion,MD,1286,I would not recommend this place
495,Mashed Sauerkraut,KY,749,The waitress and manager are so friendly
496,Generous Havarti,MT,1044,The ambiance was incredible
497,Unseasoned Tumeric,KS,666,Cant say enough good things about this place
498,Fleshy Flax,AR,246,Id rather eat airline food seriously
499,Low-fat Spinach,MI,266,I also had to taste my Moms multigrain pumpkin pancakes with pecan butter and they were amazing fluffy and delicious
500,Honey Kale,SD,1452,Waitress was sweet and funny
501,Jumbo Cho,MI,549,Their monster chicken fried steak and eggs is my all time favorite
502,Prickly Nutritional,CT,359,This was my first crawfish experience and it was delicious
503,Smelly Muffins,NC,21,The pancake was also really good and pretty large at that
504,Blended Wild,KS,1437,And then tragedy struck
505,Roasted Granola,WY,414,Their daily specials are always a hit with my group
506,Prepared Sour,WA,702,CONCLUSION Very filling meals
507,Delectable Spaghetti,SD,1009,Worse of all he humiliated his worker right in front of meBunch of horrible name callings
508,Golden Cabbage,NE,1373,The menu had so much good stuff on it i could not decide
509,Cutting Lettuce,NV,850,I will be back many times soon
510,Poached Sour,ME,111,How awesome is that
511,Tender Tahini,MS,637,It was attached to a gas station and that is rarely a good sign
512,Sticky Oregano,NY,959,I dont think I will be back for a very long time
513,Tasteless Brazil,WA,662,They had a toro tartare with a cavier that was extraordinary and I liked the thinly sliced wagyu with white truffle
514,Popular Buttermilk,SC,1444,This isnt a small family restaurant this is a fine dining establishment
515,Pureed Prune,NH,523,Delicious and I will absolutely be back
516,Blazed Chickpeas,MI,190,The selection of food was not the best
517,Sapid Pistachio,SC,1478,Seafood was limited to boiled shrimp and crab legs but the crab legs definitely did not taste fresh
518,Infused Oat,NC,1300,This place is a jewel in Las Vegas and exactly what Ive been hoping to find in nearly ten years living here
519,Fried Teff,AR,353,We asked for the bill to leave without eating and they didnt bring that either
520,Strong Broad,KS,1392,I LOVED it
521,Boiled Crumpets,CT,48,We had a group of 70+ when we claimed we would only have 40 and they handled us beautifully
522,Smoked Sucralose,NC,1486,The steaks are all well trimmed and also perfectly cooked
523,Savorless Semolina,WY,25,We enjoy their pizza and brunch
524,Large Cottage,OR,754,Third the cheese on my friends burger was cold
525,Icy Star,NE,634,Total letdown I would much rather just go to the Camelback Flower Shop and Cartel Coffee
526,Flaky Durian,MI,893,Dont waste your time here
527,Flavored Muesli,IA,283,Great pork sandwich
528,Intense Onions,TN,1261,The one down note is the ventilation could use some upgrading
529,Syrupy Tempeh,NE,732,Very good though
530,Sizzling Sardines,MD,1122,This was my first and only Vegas buffet and it did not disappoint
531,Spiced Ice,OH,487,Love the margaritas too
532,Dazzling Potato,AK,1411,This is was due to the fact that it took 20 minutes to be acknowledged then another 35 minutes to get our foodand they kept forgetting things
533,Stinging Sugar/sucrose,TX,291,I dont think Ill be running back to Carlys anytime soon for food
534,Pureed Xylitol,CA,351,The food was outstanding and the prices were very reasonable
535,Calorie Amaranth,TN,1228,The inside is really quite nice and very clean
536,Intense Horseradish,RI,111,The manager was the worst
537,Classic Baked,VT,1303,Im in AZ all the time and now have my new spot
538,Special Milk,IA,442,The vanilla ice cream was creamy and smooth while the profiterole choux pastry was fresh enough
539,Saline Mannitol,NJ,1314,Definitely not worth the 3 I paid
540,Flat Dragon,AK,894,We loved the place
541,Caramelized Broad,NV,1109,Best tater tots in the southwest
542,Leathery Onions,CA,4,Nargile  I think you are great
543,Deep-fried Tamarind,MD,1326,The food was very good and I enjoyed every mouthful an enjoyable relaxed venue for couples small family groups etc
544,Dry Apples,VA,1276,The chicken wings contained the driest chicken meat I have ever eaten
545,Skillfully Bamboo,KY,724,The last 3 times I had lunch here has been bad
546,Large Brie,HI,1292,I was so insulted
547,Traditional Drinking,MO,763,I am far from a sushi connoisseur but I can definitely tell the difference between good food and bad food and this was certainly bad food
548,Lively Wine,GA,706,Food was so gooodd
549,Free Currants,AZ,1005,I dont think well be going back anytime soon
550,Rich Havarti,RI,909,My ribeye steak was cooked perfectly and had great mesquite flavor
551,Smelly Kholrabi,IA,770,The food is delicious and just spicy enough so be sure to ask for spicier if you prefer it that way
552,Beautiful Oolong,CT,210,Sauce was tasteless
553,Strong Spinach,MO,968,Will not be back
554,Stuffed Cream,WY,472,Not to mention the combination of pears almonds and bacon is a big winner
555,Caustic Parmesan,IL,1221,Each day of the week they have a different deal and its all so delicious
556,Popular Scallions,OK,813,Nothing special
557,Famous Almond,KY,792,Anyway this FS restaurant has a wonderful breakfastlunch
558,Boiled Barbeque,MN,234,Id love to go back
559,Small Cauliflower,WV,835,Ill take my business dinner dollars elsewhere
560,Ripe Cream,LA,498,If youre not familiar check it out
561,Luscious Pears,MA,1103,Wow very spicy but delicious
562,Sharp Cranberry,NE,291,I like Steiners because its dark and it feels like a bar
563,Crafted Kefir,LA,1260,definitely will come back here again
564,Mixed Beef,DE,426,It was a huge awkward 15lb piece of cow that was 34ths gristle and fat
565,Furry Tomatoes,MN,847,So absolutley fantastic
566,Hot Mustard,MA,433,Ordered an appetizer and took 40 minutes and then the pizza another 10 minutes
567,Sauteed Acesulfame,NV,871,Service is quick and friendly
568,Saline Onion,AK,1211,We loved the biscuits
569,Astringent Dragon,MD,370,I never come again
570,Sprinkled Pepper,NV,915,These are the nicest restaurant owners Ive ever come across
571,Bland Quorn,WV,1066,Strike 2 who wants to be rushed
572,Peppery Salt,DE,753,Waiter was a jerk
573,Lively Miso,TX,1361,This is some seriously good pizza and Im an expertconnisseur on the topic
574,Pounded Onion,NH,1223,No complaints
575,Unseasoned Cumin,SC,1349,What a mistake that was
576,Stinging Chestnuts,NY,1212,Weve tried to like this place but after 10+ times I think were done with them
577,Bland Basmati,AL,383,Furthermore you cant even find hours of operation on the website
578,Fantastic Pasta,NC,1158,On the ground right next to our table was a large smeared beensteppedinandtrackedeverywhere pile of green bird poop
579,Classic Durian,DE,31,From what my dinner companions told meeverything was very fresh with nice texture and taste
580,Saporous Mung,SD,610,Our server was very nice and even though he looked a little overwhelmed with all of our needs he stayed professional and friendly until the end
581,Sugarless Kale,AZ,1090,First time going but I think I will quickly become a regular
582,Insipid Okra,WY,345,I really enjoyed eating here
583,Blazed Avocado,WY,1405,But now I was completely grossed out
584,Tender Pumpkin,ND,488,Gave up trying to eat any of the crust teeth still sore
585,Sugar-free Cous,GA,1061,I can take a little bad service but the food sucks
586,Silky Cherries,MO,202,I can assure you that you wont be disappointed
587,Overpowering Chestnuts,MD,421,For service I give them no stars
588,Intense Bean,NE,946,Come hungry leave happy and stuffed
589,Sugary Dark,OH,354,I dont know what kind it is but they have the best iced tea
590,Baked Wheat,OH,984,TOTAL WASTE OF TIME
591,Large Cranberry,MO,378,Service was fantastic
592,Pickled Mango,FL,444,Food was really good and I got full petty fast
593,Crafted Mushrooms,NC,274,Ill definitely be in soon again
594,Dazzling Basmati,NV,940,Left very frustrated
595,Dripping Custard,ND,1107,Today was my first taste of a Buldogis Gourmet Hot Dog and I have to tell you it was more than I ever thought possible
596,Simmered Amaranth,AZ,16,Great place to eat reminds me of the little mom and pop shops in the San Francisco Bay Area
597,Petite Gherkins,NV,1293,I dont have to be an accountant to know Im getting screwed
598,Vinegary Celeriac,LA,1406,Overall I was very disappointed with the quality of food at Bouchon
599,Tender Rhubarb,IA,367,This one is simply a disappointment
600,Crafted Peanut,AL,385,Cooked to perfection and the service was impeccable
601,Savory White,MA,653,Service is perfect and the family atmosphere is nice to see
602,Chunked Chayote,IA,515,Kids pizza is always a hit too with lots of great side dish options for the kiddos
603,Salty Pomegranate,NY,1347,Im probably one of the few people to ever go to Ians and not like it
604,Topped Potato,NH,607,To summarize the food was incredible nay transcendant but nothing brings me joy quite like the memory of the pneumatic condiment dispenser
605,Peppery Shrimp,GA,231,Service was excellent and prices are pretty reasonable considering this is Vegas and located inside the Crystals shopping mall by Aria
606,Thick Rambutan,MO,382,We walked away stuffed and happy about our first Vegas buffet experience
607,Burnt Cod,RI,194,I have been here several times in the past and the experience has always been great
608,Lean Cashews,CO,1240,I will continue to come here on ladies night andddd date night  highly recommend this place to anyone who is in the area
609,Drizzle Peanut,LA,293,If you want healthy authentic or ethic food try this place
610,Furry Beetroots/Beets,SD,100,Def coming back to bowl next time
611,Delectable Cardamom,LA,1318,This is a disgrace
612,Fetid Beef,TN,631,This place deserves one star and 90 has to do with the food
613,Rich Apricot,LA,900,I will come back here every time Im in Vegas
614,Brown Thyme,IL,625,I dont recommend unless your car breaks down in front of it and you are starving
615,Gorgeous Chickpeas,NE,1215,WILL NEVER EVER GO BACK AND HAVE TOLD MANY PEOPLE WHAT HAD HAPPENED
616,Refresh Millet,TN,163,The food was terrible
617,Rubbery Feta,ME,8,The service was outshining  I definitely recommend the Halibut
618,Toasted Mozzarella,VT,1259,They have great dinners
619,Sweetened Sardines,KS,1451,I wont be back
620,Weak Cardamom,AL,1250,The staff are now not as friendly the wait times for being served are horrible no one even says hi for the first 10 minutes
621,Honey Nectarine,WI,945,RUDE  INCONSIDERATE MANAGEMENT
622,Rancid Cumin,CA,933,In an interesting part of town this place is amazing
623,Acidic Parmesan,MD,1068,I took back my money and got outta there
624,Icy Saccharine,IN,12,Best tacos in town by far
625,Sweetened Pears,KS,1033,And the beans and rice were mediocre at best
626,Crafted Parsley,WI,1137,They will customize your order any way youd like my usual is Eggplant with Green Bean stir fry love it
627,Sour Parsley,WI,944,The dining space is tiny but elegantly decorated and comfortable
628,Sharp Parsley,AZ,1332,They dropped more than the ball
629,Gourmet Lobster,MD,720,I left with a stomach ache and felt sick the rest of the day
630,Mixed Cornflour,IL,1420,He deserves 5 stars
631,Zesty Currants,VA,790,The staff are great the ambiance is great
632,Roasted Endive,AZ,919,Would come back again if I had a sushi craving while in Vegas
633,Tasteless Pear,CT,179,My wife had the Lobster Bisque soup which was lukewarm
634,Fizzy Rambutan,NH,1238,I find wasting food to be despicable but this just wasnt food
635,Sugary Sesame,FL,1188,Server did a great job handling our large rowdy table
636,Calorie Butternut,MD,1153,Definitely a turn off for me  i doubt Ill be back unless someone else is buying
637,Free Pears,MA,841,Pretty cool I would say
638,Yucky Camembert,KY,36,This is an Outstanding little restaurant with some of the Best Food I have ever tasted
639,Beautiful Yam,NE,143,The buffet is small and all the food they offered was BLAND
640,Stinging Figs,ND,821,The bathroom is just next door and very nice
641,Bite-size Amaranth,SD,93,Best fish Ive ever had in my life
642,Delicious Sorbitol,NJ,847,As always the evening was wonderful and the food delicious
643,Caustic Star,NE,113,Sadly Gordon Ramseys Steak is a place we shall sharply avoid during our next trip to Vegas
644,Unseasoned Inulin,ME,233,On the good side the staff was genuinely pleasant and enthusiastic  a real treat
645,Furry Chamomile,SC,1424,It was delicious
646,Bitter Croissants,CT,152,It shouldnt take 30 min for pancakes and eggs
647,Toasted Kidney,LA,1320,Everyone is treated equally special
648,Popular Sausages,OR,132,He was terrible
649,Cold Oat,OH,506,We sat another ten minutes and finally gave up and left
650,Sugar-coated Mussels,SC,1226,I have eaten here multiple times and each time the food was delicious
651,Spiced Oatcake,OR,6,5 stars for the brick oven bread app
652,Rubbery Dill,MD,291,Classywarm atmosphere fun and fresh appetizers succulent steaks Baseball steak
653,Infused Watercress,PA,185,This place is like Chipotle but BETTER
654,Waxy Mayonnaise,KS,454,Pretty good beer selection too
655,Insipid Cherries,OK,240,The selection was probably the worst Ive seen in Vegasthere was none
656,Seared Agave,DE,1400,Its worth driving up from Tucson
657,Crisp Lemongrass,MN,389,The vegetables are so fresh and the sauce feels like authentic Thai
658,Lavish Pear,SC,1295,Of all the dishes the salmon was the best but all were great
659,Rotten Water,CO,1157,the spaghetti is nothing special whatsoever
660,Nutmeg Oatcake,WV,899,There is nothing authentic about this place
661,Garlic Yogurt,AK,915,OMG the food was delicioso
662,Cold Coffee,AR,336,The burger I got the Gold Standard a 17 burger and was kind of disappointed
663,Gritty Bananas,IN,1496,First  the bathrooms at this location were dirty Seat covers were not replenished  just plain yucky
664,Strong Yam,WV,508,Great service and food
665,Zesty Stevia,AR,1249,I love this place
666,Crisp Honey,ME,190,Everything was gross
667,Unseasoned Cacao,ME,1051,We had fantastic service and were pleased by the atmosphere
668,Natural Kiwifruit,FL,1288,Both of them were truly unbelievably good and I am so glad we went back
669,Soothing Alfalfa,LA,1027,The servers are not pleasant to deal with and they dont always honor Pizza Hut coupons
670,Fruity Baking,MI,322,When my mom and I got home she immediately got sick and she only had a few bites of salad
671,Nectarous Soya,OK,509,I go to far too many places and Ive never seen any restaurant that serves a 1 egg breakfast especially for 400
672,Sugar-coated Isomalt,AL,1075,They could serve it with just the vinaigrette and it may make for a better overall dish but it was still very good
673,Infused Golden,DE,1354,You wont be disappointed
674,Palatable Tomato,ID,1492,The black eyed peas and sweet potatoes UNREAL
675,Yucky Beer,HI,315,Favorite place in town for shawarrrrrrma
676,Baked Miso,AZ,858,A couple of months later I returned and had an amazing meal
677,Cool Cabbage,NV,447,Service was exceptional and food was a good as all the reviews
678,Spicy Prosciutto,TN,1181,Also the fries are without a doubt the worst fries Ive ever had
679,Baked Crumpets,WV,630,The only downside is the service
680,Infused Asparagus,LA,772,All the bread is made inhouse
681,Syrupy Onions,WA,40,And considering the two of us left there very full and happy for about 20 you just cant go wrong
682,Mellow Buttermilk,MI,251,Back to good BBQ lighter fare reasonable pricing and tell the public they are back to the old ways
683,Vanilla Butternut,RI,1447,By this point my friends and I had basically figured out this place was a joke and didnt mind making it publicly and loudly known
684,Pureed Paprika,IL,1453,The bus boy on the other hand was so rude
685,Bland Potato,MA,750,Great food for the price which is very high quality and house made
686,Tart Cardamom,AL,259,Never going back
687,Blazed Tempeh,PA,1031,The food was very good
688,Salty Relish,MT,1379,She ordered a toasted English muffin that came out untoasted
689,Burnt Yam,AL,664,Fantastic food
690,Pleasant Chayote,SD,366,I did not expect this to be so good
691,Rubbery Apples,CO,827,In the summer you can dine in a charming outdoor patio  so very delightful
692,Minty Nutmeg,IA,373,As much as Id like to go back I cant get passed the atrocious service and will never return
693,Smothered Salt,CO,495,Will never ever go back
694,Sugared Hemp,MS,41,This greedy corporation will NEVER see another dime from me
695,Intense Pistachio,KS,639,Good Servicecheck
696,Saline Coffee,MS,316,Food was really boring
697,Poached Chicory,MT,115,The potato chip order was sad I could probably count how many chips were in that box and it was probably around 12
698,Cold Oatcake,IN,317,Please stay away from the shrimp stir fried noodles
699,Saccharine Olives,WV,1341,Good beer  drink selection and good food selection
700,Fizzy Dandelion,SD,849,The food was excellent and service was very good
701,Bitter Feijoa,DE,694,Never again will I be dining at this place
702,Sprinkled Scallions,MA,1379,I love the fact that everything on their menu is worth it
703,Tender Cashews,TX,819,Before I go in to why I gave a 1 star rating please know that this was my third time eating at Bachi burger before writing a review
704,Seasoned Buttermilk,FL,646,You get incredibly fresh fish prepared with care
705,Caustic Black,MS,885,I didnt know pulled pork could be soooo delicious
706,Baked Cold,AL,1347,I live in the neighborhood so I am disappointed I wont be back here because it is a convenient location
707,Elastic Persimmon,VA,385,The staff is great the food is delish and they have an incredible beer selection
708,Smelly Shrimp,PA,1480,Just dont know why they were so slow
709,Baked Cashews,VA,202,Waited 2 hours  never got either of our pizzas as many other around us who came in later did
710,Prickly Pecans,WA,1171,I hate to disagree with my fellow Yelpers but my husband and I were so disappointed with this place
711,Golden Polenta,MN,464,This place is amazing
712,Tough Millet,MO,1395,We waited an hour for what was a breakfast I could have done 100 times better at home
713,Tangy Cardamom,NC,473,Things that went wrong  They burned the saganaki
714,Sauteed Lima,NM,932,Great Pizza and Salads
715,Acidic Ketchup,NJ,111,I would definitely recommend the wings as well as the pizza
716,Rich Chickpeas,SC,239,This place is not quality sushi it is not a quality restaurant
717,Appealing Chicory,VA,240,I waited and waited
718,Elastic Ice,KY,57,Service stinks here
719,Famy Wheat,AZ,1298,I went to Bachi Burger on a friends recommendation and was not disappointed
720,Fried Trout,GA,951,I had the mac salad and it was pretty bland so I will not be getting that again
721,Nectarous Walnuts,MN,83,I think not again
722,Pungent Wild,AR,606,The goat taco didnt skimp on the meat and wow what FLAVOR
723,Intense Banana,WV,417,I liked the patio and the service was outstanding
724,Beautiful Kombucha,ME,1350,Ive had better not only from dedicated boba tea spots but even from Jenni Pho
725,Topped Bok,DE,726,The chefs were friendly and did a good job
726,Roasted Sausages,VT,1491,Stopped by this place while in Madison for the Ironman very friendly kind staff
727,Vinegary Hummus,PA,1180,You cant beat that
728,Sharp-tasting Haricot,MS,484,You cant go wrong with any of the food here
729,Poached High,AL,495,The Veggitarian platter is out of this world
730,Salty Pine,WV,1195,For a self proclaimed coffee cafe I was wildly disappointed
731,Calorie Bamboo,DE,1198,Just as good as when I had it more than a year ago
732,Famous Lettuce,FL,89,Thus far have only visited twice and the food was absolutely delicious each time
733,Generous Spaghetti,CO,318,The service was not up to par either
734,Distinctive Falafel,MI,843,Plus its only 8 bucks
735,Crafted Oolong,SC,146,The seafood was fresh and generous in portion
736,Icy Curry,NC,932,Good service very clean and inexpensive to boot
737,Delight Oatmeal,OK,318,The restaurant atmosphere was exquisite
738,Terrific Clementine,WI,1143,I have been in more than a few bars in Vegas and do not ever recall being charged for tap water
739,Brown Cho,VT,7,I hope this place sticks around
740,Scrumptious Seaweed,KS,304,very tough and very short on flavor
741,Spiral-cut Shallot,ME,1142,They know how to make them here
742,Acid Kiwifruit,NJ,83,I as well wouldve given godfathers zero stars if possible
743,Infused Celeriac,NM,533,Fantastic service here
744,Ripe Parsnip,VA,603,We had 7 at our table and the service was pretty fast
745,Dressed Turkey,WY,1139,Now the pizza itself was good the peanut sauce was very tasty
746,Doughy Rye,LA,1178,Overall I dont think that I would take my parents to this place again because they made most of the similar complaints that I silently felt too
747,Calorie Garbanzo,SD,843,The Greek dressing was very creamy and flavorful
748,Fantastic Herbal,ND,678,There is nothing privileged about workingeating there
749,Small Oregano,MA,391,Owners are really great people
750,Honey Ghee,AZ,1157,Based on the subpar service I received and no effort to show their gratitude for my business I wont be going back
751,Gingery Seaweed,MS,605,The lighting is just dark enough to set the mood
752,Smelly Molasses,TX,1031,Much better than the other AYCE sushi place I went to in Vegas
753,Bitter Isomalt,OR,826,Seriously flavorful delights folks
754,Garlic Mannitol,OR,1084,Drinks took close to 30 minutes to come out at one point
755,Insipid Crab,NM,991,like the other reviewer said you couldnt pay me to eat at this place again
756,Crunchy Endive,KY,674,It wasnt busy either Also the building was FREEZING cold
757,Flaky Goat,ND,947,By this time our side of the restaurant was almost empty so there was no excuse
758,Unflavored Gluten,WV,1403,Now this dish was quite flavourful
759,Popular Halloumi,GA,833,Horrible  dont waste your time and money
760,Juicy Golden,AK,670,Everyone is very attentive providing excellent customer service
761,Smoked Ice,OR,17,If she had not rolled the eyes we may have stayed Not sure if we will go back and try it again
762,Sweetened Lemon,NY,954,Id say that would be the hardest decision Honestly all of Ms dishes taste how they are supposed to taste amazing
763,Overpowering Balsamic,IN,708,The descriptions said yum yum sauce and another said eel sauce yet another said spicy mayowell NONE of the rolls had sauces on them
764,Delight Drinking,MD,205,If it were possible to give them zero stars theyd have it
765,Reduced Okra,ME,120,Great place to have a couple drinks and watch any and all sporting events as the walls are covered with TVs
766,Treat Watercress,MI,755,Ordered a double cheeseburger  got a single patty that was falling apart picture uploaded Yeah still sucks
767,Low-fat Baking,TN,695,Very very fun chef
768,Plump Cornflour,NY,1464,If the food isnt bad enough for you then enjoy dealing with the worlds worstannoying drunk people
769,Jumbo Nutritional,WV,857,This wonderful experience made this place a muststop whenever we are in town again
770,Refresh Pepper,ND,964,This is the place where I first had pho and it was amazing
771,Sugar-coated Celery,DE,882,As for the mains also uninspired
772,Lively Guava,MA,229,The folks at Otto always make us feel so welcome and special
773,Popular Soba,IL,910,This is an unbelievable BARGAIN
774,Sauteed Figs,NM,1192,I loved the bacon wrapped dates
775,Saline Star,MI,25,It was either too cold not enough flavor or just bad
776,Pounded Cauliflower,PA,772,Hopefully this bodes for them going out of business and someone who can cook can come in
777,Sweet Mushrooms,NJ,1007,Lobster Bisque Bussell Sprouts Risotto Filet ALL needed salt and pepperand of course there is none at the tables
778,Mashed Cinnamon,MA,1474,The service was a bit lacking
779,Nutmeg Thyme,CT,200,The shower area is outside so you can only rinse not take a full shower unless you dont mind being nude for everyone to see
780,Filet Broad,RI,32, the food is rich so order accordingly
781,Dry Baked,GA,92,Which are small and not worth the price
782,Fetid Papaya,NM,1171,The Jamaican mojitos are delicious
783,Treacly Lemongrass,MI,549,Soggy and not good
784,Beautiful Bok,NC,600,Waitress was good though
785,Tough Pears,SD,615,Extremely Tasty
786,Saporous Tomato,AZ,139,Wont go back
787,Zingy Apple,MA,475,My friend loved the salmon tartar
788,Bitter Garlic,IL,279,For about 10 minutes we were waiting for her salad when we realized that it wasnt coming any time soon
789,Fizzy Sorbitol,NE,775,If that bug never showed up I would have given a 4 for sure but on the other side of the wall where this bug was climbing was the kitchen
790,Petite Palm,OR,947,The sides are delish  mixed mushrooms yukon gold puree white corn  beateous
791,Sizzling Pretzels,KS,83,Must have been an off night at this place
792,Velvety Parsnip,IN,1486,The WORST EXPERIENCE EVER
793,Tossed Durian,IL,382,Ive lived here since 1979 and this was the first and last time Ive stepped foot into this place
794,Waxy Rhubarb,KS,1064,Very good lunch spot
795,Spicy Chives,UT,952,Service is friendly and inviting
796,Famy Asparagus,IL,1439,Great brunch spot
797,Natural Amaranth,NC,498,The warm beer didnt help
798,Sprinkled Cocoa,NJ,1461,Food was great and so was the serivce
799,Vinegary Amaranth,SC,857,I had heard good things about this place but it exceeding every hope I could have dreamed of
800,Sizzling Parmesan,WA,551,It is worth the drive
801,Appetizing Mandarin,CO,500,Very friendly staff
802,Sweet-and-sour Gin,OK,423,Ive never been more insulted or felt disrespected
803,Vinegary Dark,AK,1241,The live music on Fridays totally blows
804,Sticky Walnuts,OH,1100,The best place to go for a tasty bowl of Pho
805,Prickly Curry,CT,720,Im not really sure how Joeys was voted best hot dog in the Valley by readers of Phoenix Magazine
806,Lite Fenugreek,IA,1020,I had a salad with the wings and some ice cream for dessert and left feeling quite satisfied
807,Caramelized Cow,UT,648,When my order arrived one of the gyros was missing
808,Classic Chestnuts,MI,415,Both of the egg rolls were fantastic
809,Blunt Kiwifruit,WY,664,you can watch them preparing the delicious food
810,Crisp Chili,VT,479,Also were served hot bread and butter and home made potato chips with bacon bits on topvery original and very good
811,Saporous Palm,AZ,548,What I really like there is the crepe station
812,Plump Snow,OK,35,Interesting decor
813,Sweet-and-sour Apricots,PA,1042,The food sucked which we expected but it sucked more than we could have imagined
814,Flavored Nutritional,UT,220,I ordered the Lemon raspberry ice cocktail which was also incredible
815,Brown Blue,LA,464,Love this place hits the spot when I want something healthy but not lacking in quantity or flavor
816,Whole Pistachio,AL,1479,It was probably dirt
817,Unflavored Parsnip,MA,88,I dressed up to be treated so rudely
818,Hot Basmati,RI,1042,I also decided not to send it back because our waitress looked like she was on the verge of having a heart attack
819,Flavorful Edamame,NH,945,The burger had absolutely no flavor  the meat itself was totally bland the burger was overcooked and there was no charcoal flavor
820,Rank Chayote,CO,432,We literally sat there for 20 minutes with no one asking to take our order
821,Sugary Kidney,ID,1106,Not a weekly haunt but definitely a place to come back to every once in a while
822,Bland Corn,AR,1063,The atmosphere is modern and hip while maintaining a touch of coziness
823,Saccharine Beef,HI,309,The service here leaves a lot to be desired
824,Saccharine Baking,AR,214,Perhaps I caught them on an off night judging by the other reviews but Im not inspired to go back
825,Fantastic Baked,MI,266,Everything on the menu is terrific and we were also thrilled that they made amazing accommodations for our vegetarian daughter
826,Sapid Carrots,LA,1291,Lordy the Khao Soi is a dish that is not to be missed for curry lovers
827,Delectable Sultanas,WY,181,The waitresses are very friendly
828,Fresh Eggplant/Aubergine,NV,1116,This really is how Vegas fine dining used to be right down to the menus handed to the ladies that have no prices listed
829,Low-fat Okra,AK,1326,We also ordered the spinach and avocado salad the ingredients were sad and the dressing literally had zero taste
830,Cool Trout,KY,1059,Bacon is hella salty
831,Satiny Apples,CT,332,Ive never been treated so bad
832,Spongy Tuna,DE,600,So dont go there if you are looking for good food
833,Drizzle Yucca,HI,912,This place is handsdown one of the best places to eat in the Phoenix metro area
834,Flavored Cinnamon,MD,1430,DELICIOUS
835,Minty Cream,NM,75,Restaurant is always full but never a wait
836,Boiled Mayonnaise,AZ,532,Avoid at all cost
837,Sugar-free Vodka,NJ,1498,Their menu is diverse and reasonably priced
838,Syrupy Grapefruit,IN,1377,I was seated immediately
839,Pounded Lemonade,HI,554,I came back today since they relocated and still not impressed
840,Gorgeous White,VA,686,Unfortunately we must have hit the bakery on leftover day because everything we ordered was STALE
841,Cutting Mango,ME,1288,this place is good
842,Astringent Baby,NM,1425,I ordered the Voodoo pasta and it was the first time Id had really excellent pasta since going gluten free several years ago
843,Fantastic Colby,VT,388,this was a different cut than the piece the other day but still wonderful and tender s well as well flavored
844,Zingy Cous,FL,1335,the staff is friendly and the joint is always clean
845,Caked Glucose,OH,383,Some highlights  Great quality nigiri here
846,Boiled Peas,ME,1227,Crostini that came with the salad was stale
847,Smothered Brussel,NM,300,We waited for forty five minutes in vain
848,Garlic Dried,MN,1132,This is a great restaurant at the Mandalay Bay
849,Large Gnocchi,LA,465,My fiancÃ© and I came in the middle of the day and we were greeted and seated right away
850,Icy Cucumber,MS,930,We watched our waiter pay a lot more attention to other tables and ignore us
851,Deep-fried Oysters,MT,435,I give it 2 thumbs down
852,Delicious Sheep's,VA,141,The service was a little slow  considering that were served by 3 people servers so the food was coming in a slow pace
853,Juicy Acesulfame,CT,25,The menu is always changing food quality is going down  service is extremely slow
854,Saporous Turmeric,TN,747,The bathrooms are clean and the place itself is well decorated
855,Overpowering Gluten,VT,281,Nice blanket of moz over top but i feel like this was done to cover up the subpar food
856,Zesty Sesame,NV,155,And the red curry had so much bamboo shoots and wasnt very tasty to me
857,Vinegary Yam,DE,473,My husband and I ate lunch here and were very disappointed with the food and service
858,Extraordinary Pinto,AR,1236,The waiter wasnt helpful or friendly and rarely checked on us
859,Rubbery Tarragon,NE,410,Dont do it
860,Low Sour,MI,338,My drink was never empty and he made some really great menu suggestions
861,Tasty Tangelo,OH,446,He was extremely rude and really there are so many other restaurants I would love to dine at during a weekend in Vegas
862,Sharp Bean,NY,330,This is one of the best bars with food in Vegas
863,Pounded Honey,AR,1176,I had a seriously solid breakfast here
864,Flavorful Tapioca,KS,1065,Great Subway in fact its so good when you come here every other Subway will not meet your expectations
865,Seared Beer,WI,996,Delicious NYC bagels good selections of cream cheese real Lox with capers even
866,Tasteful Sour,NJ,1291,The management is rude
867,Soporific Sugar/sucrose,HI,1199,They have a good selection of food including a massive meatloaf sandwich a crispy chicken wrap a delish tuna melt and some tasty burgers
868,Organic Cornflour,PA,285,Penne vodka excellent
869,Vinegary Baking,MT,164,This place is way too overpriced for mediocre food
870,Sharp Pine,RI,1244,Definitely worth venturing off the strip for the pork belly will return next time Im in Vegas
871,Acidic Apricot,OH,1161,I wouldnt return
872,Plain Buckwheat,CA,1212,Phenomenal food service and ambiance
873,Satin Peas,IL,1022,Bland Not a liking this place for a number of reasons and I dont want to waste time on bad reviewing Ill leave it at that
874,Creamed Pinto,WI,1225,Host staff were for lack of a better word PROFANITY
875,Oily Savory,MA,458,We thought youd have to venture further away to get good sushi but this place really hit the spot that night
876,Delight Cassava,NM,879,The guys all had steaks and our steak loving son who has had steak at the best and worst places said it was the best steak hes ever eaten
877,Sweetened Grapefruit,VA,1428,Service was fine and the waitress was friendly
878,Creamed Vanilla,TX,124,Worst service to boot but that is the least of their worries
879,Nutmeg Jam,PA,1369,I just dont know how this place managed to served the blandest food I have ever eaten when they are preparing Indian cuisine
880,Stinging Mung,NJ,1417,Although I very much liked the look and sound of this place the actual experience was a bit disappointing
881,Syrupy Pesto,WI,378,Kind of hard to mess up a steak but they did
882,Smothered Oats,NC,601,Ive had better atmosphere
883,Crafted Wine,VA,1143,It was pretty gross
884,Classy Mustard,NV,725,Check it out
885,Extraordinary Vegetable Soup Emporium Place,SC,1433,Good prices
886,Ethnic Chorizo,KS,1171,Nice spicy and tender
887,Creamy Black,AK,200,This is a really fantastic Thai restaurant which is definitely worth a visit
888,Spiral-cut Clementine,TN,855,At least 40min passed in between us ordering and the food arriving and it wasnt that busy
889,Strong Soya,NM,584,REAL sushi lovers lets be honest  Yama is not that good
890,Chocolate Oolong,VA,891,Sooooo good
891,Flavored Baking,MS,1217,Will go back next trip out
892,Dazzling Oatmeal,OH,1285,The ambience is wonderful and there is music playing
893,Unsavory Cranberry,CA,1492,The food was delicious our bartender was attentive and personable AND we got a great deal
894,Leathery Avocado,NJ,1168,So we went to Tigerlilly and had a fantastic afternoon
895,Dry Watercress,OH,1448,This is one of the better buffets that I have been to
896,Savorless Silverbeet,WA,22,I LOVED their mussels cooked in this wine reduction the duck was tender and their potato dishes were delicious
897,Sugary Artichoke,FL,161,Best Buffet in town for the price you cannot beat it
898,Classy Cucumber,RI,1102,The only good thing was our waiter he was very helpful and kept the bloddy marys coming
899,Sweet-and-sour Tahini,WV,82,Our server was fantastic and when he found out the wife loves roasted garlic and bone marrow he added extra to our meal and another marrow to go
900,Spicy Brie,NM,1236,On the up side their cafe serves really good food
901,Lite Arugula,IA,1150,It was not good
902,Aromatic Mushrooms,AK,460,Food arrived quickly
903,Cheesy Paprika,FL,263,Will be back again
904,Infused Ghee,TN,998,Well never go again
905,Balsamic Pineapple,LA,1307,say bye bye to your tip lady
906,Saporous Cocoa,MN,779,Best breakfast buffet
907,Fluffy Millet,NY,1377,Never been to Hard Rock Casino before WILL NEVER EVER STEP FORWARD IN IT AGAIN
908,Soporific Gin,NY,51,Its like a really sexy party in your mouth where youre outrageously flirting with the hottest person at the party
909,Tough Mozzarella,PA,773,In summary this was a largely disappointing dining experience
910,Silky Banana,NJ,578,Everything was fresh and delicious
911,Garlic Cucumber,NM,1441,Omelets are to die for
912,Unsavory Tuna,MT,1018,All I have to say is the food was amazing
913,Perfection Oregano,NE,127,The poor batter to meat ratio made the chicken tenders very unsatisfying
914,Aromatic Lemongrass,MN,950,I love the Pho and the spring rolls oh so yummy you have to try
915,Smelly Sour,UT,1289,The pan cakes everyone are raving about taste like a sugary disaster tailored to the palate of a six year old
916,Flat Herbal,LA,892,This place has it
917,Doughy Banana,HI,1231,The turkey and roast beef were bland
918,Drizzle Curry,MI,219,walked in and the place smelled like an old grease trap and only 2 others there eating
919,Classic Tomato,ME,1101,Coming here is like experiencing an underwhelming relationship where both parties cant wait for the other person to ask to break up
920,Beautiful Saccharine,NC,878,There is so much good food in Vegas that I feel cheated for wasting an eating opportunity by going to Rice and Company
921,Terrific Maltitol,CA,1089,Today is the second time Ive been to their lunch buffet and it was pretty good
922,Appetizing Dark,ME,468,The sweet potato fries were very good and seasoned well
923,Gritty Whiskey,MS,453,2 times  Very Bad Customer Service 
924,Ripe Prune,KS,720,The scallop dish is quite appalling for value as well
925,Tasty Mushrooms,NV,241,I guess I should have known that this place would suck because it is inside of the Excalibur but I didnt use my common sense
926,Roasted Black,NY,205,It took over 30 min to get their milkshake which was nothing more than chocolate milk
927,Sizzling Lettuce,CO,1283,The service was meh
928,Pureed Vinegar,LA,716, Really really good rice all the time
929,Tart Orange,WI,1195,The deal included 5 tastings and 2 drinks and Jeff went above and beyond what we expected
930,Piquant Agave,LA,304,A great way to finish a great
931,Lively Tapioca,KY,5,We got the food and apparently they have never heard of salt and the batter on the fish was chewy
932,Roasted Vodka,AZ,630,Updatewent back for a second time and it was still just as amazing
933,Zesty Feta,NE,960,Always a great time at Dos Gringos
934,Harsh Trout,AR,815,Great food and service huge portions and they give a military discount
935,Famy Buttermilk,RI,781,We are so glad we found this place
936,Wonderful Muffins,NJ,443,Wed definitely go back here again
937,Marinated Oats,WA,325,The cocktails are all handmade and delicious
938,Warm Greek,FL,958,This place receives stars for their APPETIZERS
939,Sprinkled Red,IN,484,At least think to refill my water before I struggle to wave you over for 10 minutes
940,Crunchy Clementine,NM,1247,The ripped banana was not only ripped but petrified and tasteless
941,Lean Pepper,NM,1309,The salad had just the right amount of sauce to not over power the scallop which was perfectly cooked
942,Mild Apricots,WY,288,Not much seafood and like 5 strings of pasta at the bottom
943,Toasted Acorn,HI,625,The Heart Attack Grill in downtown Vegas is an absolutely flatlined excuse for a restaurant
944,Flat Sweet,AR,50,Loved itfriendly servers great food wonderful and imaginative menu
945,Classy Lettuce,AK,1014,The portion was huge
946,Sizzling Taro,LA,1414,They have horrible attitudes towards customers and talk down to each one when customers dont enjoy their food
947,Blazed Split,OH,1388,Their chow mein is so good
948,Sugar-coated Pine,VT,1332,He came running after us when he realized my husband had left his sunglasses on the table
949,Mellow Pepper,OR,1417,We ordered the duck rare and it was pink and tender on the inside with a nice char on the outside
950,Stuffed Crumpets,AK,919,My side Greek salad with the Greek dressing was so tasty and the pita and hummus was very refreshing
951,Mixed Brazil,MN,1013,If you want a sandwich just go to any Firehouse
952,Intense Leeks,MN,1142,The burger is good beef cooked just right
953,Waxy Semolina,WV,1090,Its too bad the food is so damn generic
954,Oily Sheep's,FL,408,The only thing I did like was the prime rib and dessert section
955,Blended Tarragon,VA,209,Frozen pucks of disgust with some of the worst people behind the register
956,Sugary Kale,AZ,109,On a positive note our server was very attentive and provided great service
957,Unseasoned Savory,CT,875,Hard to judge whether these sides were good because we were grossed out by the melted styrofoam and didnt want to eat it for fear of getting sick
958,Yucky Avocado,WI,295,There is not a deal good enough that would drag me into that establishment again
959,Gingery Dill,NE,986,The shrimp tender and moist
960,Spicy Cardamom,AL,990,Service sucks
961,Syrupy Persimmon,DE,480,My first visit to Hiro was a delight
962,Blunt Bean,PA,641,Poor service the waiter made me feel like I was stupid every time he came to the table
963,Blended Melons,SD,861,Ample portions and good prices
964,Gritty Olives,IL,504,The only redeeming quality of the restaurant was that it was very inexpensive
965,Frozen Tamarind,RI,1309,Overall I like this place a lot
966,Bite-size Beef,NE,73,seems like a good quick place to grab a bite of some familiar pub food but do yourself a favor and look elsewhere
967,Smelly Dates,MS,854,I found this place by accident and I could not be happier
968,Treacly Tofu,HI,273,This was like the final blow
969,Creamy Poppy,DE,487,Also there are combos like a burger fries and beer for 23 which is a decent deal
970,Flavored Pumpkin,OR,1197,The worst was the salmon sashimi
971,Satiny Butter,AL,914,Took an hour to get our food only 4 tables in restaurant my food was Luke warm Our sever was running around like he was totally overwhelmed
972,Flaky Brazil,IN,660,This hole in the wall has great Mexican street tacos and friendly staff
973,Rancid Quinoa,ND,123, They never brought a salad we asked for
974,Sapid Watercress,AR,82,Thats rightthe red velvet cakeohhh this stuff is so good
975,Cool Blackberry,NC,1228,So they performed
976,Piquant Apple,RI,477,I could care less The interior is just beautiful
977,Satin Lemon,WY,1358,Service is also cute
978,Topped Parsnip,PA,7,The food amazing
979,Plain Rambutan,OK,1206,The Burrittos Blah
980,Unseasoned Curry,HI,574,did not like at all
981,Frozen Canola,OH,1486,This place is not worth your time let alone Vegas
982,Tantalizing Chia,MI,209,Waitress was a little slow in service
983,Fizzy Amaranth,MI,694,Highly recommended
984,Tart Fenugreek,NC,1333,I was shocked because no signs indicate cash only
985,Sprinkled Celery,WV,593,I was disgusted because I was pretty sure that was human hair
986,Frozen Peanuts,LA,310,I tried the Cape Cod ravoli chicken with cranberrymmmm
987,Organic Yogurt,NY,1284,The cashier had no care what so ever on what I had to say it still ended up being wayyy overpriced
988,Whole Cold,ND,217,Would not go back
989,Skillfully Asiago,TN,1072,Service was very prompt
990,Smothered Cous,SD,1178,A great touch
991,Tantalizing Palm,WA,154,The fries were great too
992,Delectable Shallot,NC,463,The potatoes were like rubber and you could tell they had been made up ahead of time being kept under a warmer
993,Robust Wheat,CO,758,Honeslty it didnt taste THAT fresh
994,Flat Lentils,HI,1211,Now I am getting angry and I want my damn pho
995,Flat Tomatoes,MA,1371,The selection on the menu was great and so were the prices
996,Drizzle Chicory,OK,473,Stopped by during the late May bank holiday off Rick Steve recommendation and loved it
997,Crunchy Scallop,FL,1153,Not tasty and the texture was just nasty
998,Fleshy Fenugreek,GA,697,Crust is not good
999,Free Baby,MT,1201,Wow Loved this place
